customer_id,age,gender,city,segment
1,56,Male,Almaty,mass
2,69,Male,Astana,mass
3,46,Male,Almaty,mass
4,32,Female,Astana,mass
5,60,Male,Almaty,mass
6,25,Male,Shymkent,mass
7,38,Male,Astana,mass
8,56,Female,Shymkent,premium
9,36,Female,Astana,mass
10,40,Male,Shymkent,mass
11,28,Male,Almaty,mass
12,28,Male,Almaty,mass
13,41,Male,Almaty,mass
14,53,Female,Astana,mass
15,57,Female,Shymkent,mass
16,41,Female,Almaty,mass
17,20,Female,Shymkent,mass
18,39,Male,Shymkent,mass
19,19,Male,Almaty,mass
20,41,Male,Almaty,premium
21,61,Female,Shymkent,mass
22,47,Male,Almaty,mass
23,55,Female,Almaty,premium
24,19,Female,Almaty,mass
25,38,Male,Astana,mass
26,50,Male,Shymkent,mass
27,29,Male,Shymkent,premium
28,39,Female,Astana,mass
29,61,Male,Shymkent,mass
30,42,Female,Almaty,mass
31,66,Male,Shymkent,premium
32,44,Female,Almaty,mass
33,59,Female,Astana,mass
34,45,Male,Almaty,mass
35,33,Female,Shymkent,mass
36,32,Female,Shymkent,mass
37,64,Male,Shymkent,premium
38,68,Female,Astana,mass
39,61,Male,Astana,mass
40,69,Female,Shymkent,mass
41,20,Male,Almaty,premium
42,54,Male,Astana,mass
43,68,Female,Shymkent,mass
44,24,Female,Shymkent,premium
45,38,Female,Astana,premium
46,26,Female,Astana,premium
47,56,Female,Astana,premium
48,35,Male,Almaty,mass
49,21,Female,Almaty,mass
50,42,Male,Shymkent,mass
51,31,Male,Astana,premium
52,67,Female,Almaty,mass
53,26,Male,Astana,mass
54,43,Male,Shymkent,mass
55,19,Male,Almaty,mass
56,37,Male,Almaty,mass
57,45,Female,Almaty,premium
58,64,Male,Shymkent,premium
59,24,Female,Astana,mass
60,61,Female,Almaty,mass
61,25,Male,Shymkent,mass
62,64,Female,Astana,mass
63,52,Female,Shymkent,premium
64,31,Female,Astana,mass
65,34,Male,Shymkent,mass
66,53,Female,Astana,premium
67,67,Female,Almaty,mass
68,57,Female,Astana,mass
69,21,Male,Shymkent,mass
70,19,Female,Shymkent,mass
71,23,Male,Astana,mass
72,59,Male,Almaty,mass
73,21,Male,Almaty,mass
74,46,Male,Astana,premium
75,35,Male,Astana,mass
76,43,Male,Shymkent,mass
77,61,Female,Almaty,mass
78,51,Male,Astana,mass
79,27,Female,Almaty,mass
80,53,Female,Astana,mass
81,31,Male,Astana,mass
82,48,Female,Almaty,premium
83,65,Female,Astana,mass
84,32,Female,Astana,mass
85,25,Female,Shymkent,premium
86,31,Male,Astana,mass
87,40,Female,Astana,mass
88,57,Male,Astana,mass
89,38,Female,Shymkent,mass
90,33,Female,Almaty,mass
91,62,Male,Shymkent,mass
92,35,Female,Shymkent,mass
93,64,Female,Almaty,mass
94,41,Female,Shymkent,mass
95,43,Male,Almaty,mass
96,42,Female,Shymkent,mass
97,62,Male,Almaty,mass
98,58,Female,Astana,mass
99,46,Male,Shymkent,premium
100,32,Male,Shymkent,mass
101,62,Female,Shymkent,mass
102,18,Female,Shymkent,mass
103,42,Male,Astana,mass
104,24,Male,Shymkent,premium
105,26,Female,Astana,premium
106,41,Male,Astana,mass
107,18,Female,Astana,mass
108,61,Female,Astana,mass
109,25,Female,Almaty,premium
110,41,Female,Almaty,mass
111,28,Male,Shymkent,mass
112,68,Female,Almaty,mass
113,34,Male,Almaty,mass
114,25,Female,Shymkent,mass
115,52,Male,Shymkent,mass
116,52,Female,Shymkent,mass
117,50,Male,Almaty,mass
118,22,Male,Almaty,mass
119,59,Female,Shymkent,mass
120,56,Female,Astana,mass
121,58,Female,Shymkent,mass
122,45,Female,Astana,mass
123,24,Male,Astana,mass
124,26,Female,Shymkent,mass
125,25,Male,Shymkent,mass
126,29,Male,Shymkent,mass
127,51,Female,Almaty,mass
128,50,Male,Astana,premium
129,65,Male,Almaty,mass
130,40,Male,Almaty,premium
131,41,Male,Shymkent,mass
132,54,Female,Almaty,mass
133,52,Female,Shymkent,mass
134,61,Female,Astana,mass
135,57,Female,Shymkent,mass
136,39,Male,Almaty,mass
137,44,Male,Almaty,mass
138,52,Female,Shymkent,mass
139,18,Female,Shymkent,mass
140,52,Female,Almaty,mass
141,54,Male,Astana,mass
142,64,Female,Astana,mass
143,31,Female,Shymkent,mass
144,20,Female,Astana,mass
145,18,Male,Almaty,mass
146,22,Male,Shymkent,mass
147,43,Male,Almaty,premium
148,31,Male,Almaty,premium
149,56,Male,Astana,mass
150,44,Male,Shymkent,mass
151,26,Male,Shymkent,mass
152,32,Male,Astana,mass
153,32,Female,Almaty,mass
154,43,Female,Almaty,mass
155,59,Male,Almaty,premium
156,30,Male,Almaty,mass
157,68,Female,Shymkent,mass
158,49,Male,Shymkent,mass
159,56,Male,Astana,mass
160,66,Male,Astana,mass
161,69,Female,Shymkent,mass
162,49,Female,Shymkent,mass
163,21,Female,Almaty,mass
164,47,Female,Almaty,premium
165,54,Female,Astana,mass
166,40,Male,Shymkent,mass
167,56,Female,Astana,mass
168,62,Male,Shymkent,premium
169,32,Male,Almaty,mass
170,60,Female,Astana,mass
171,46,Female,Astana,premium
172,53,Male,Shymkent,premium
173,30,Male,Almaty,mass
174,49,Male,Astana,premium
175,24,Female,Almaty,mass
176,68,Female,Astana,mass
177,39,Female,Almaty,mass
178,45,Female,Shymkent,mass
179,19,Female,Astana,mass
180,59,Male,Astana,mass
181,62,Female,Almaty,mass
182,23,Male,Almaty,mass
183,45,Male,Astana,mass
184,45,Male,Shymkent,mass
185,61,Female,Almaty,mass
186,61,Female,Almaty,mass
187,37,Female,Almaty,mass
188,47,Male,Astana,mass
189,28,Male,Astana,premium
190,45,Male,Astana,mass
191,42,Male,Astana,mass
192,56,Male,Shymkent,mass
193,50,Male,Shymkent,mass
194,18,Female,Astana,mass
195,44,Female,Shymkent,premium
196,69,Female,Almaty,mass
197,30,Female,Almaty,mass
198,58,Male,Almaty,mass
199,20,Male,Astana,mass
200,56,Female,Almaty,mass
201,23,Male,Shymkent,mass
202,25,Female,Astana,mass
203,44,Female,Shymkent,mass
204,26,Female,Almaty,mass
205,54,Male,Almaty,premium
206,50,Female,Almaty,mass
207,68,Female,Astana,mass
208,59,Female,Shymkent,mass
209,61,Male,Astana,mass
210,41,Male,Astana,premium
211,32,Female,Almaty,mass
212,49,Male,Astana,mass
213,49,Male,Astana,premium
214,41,Male,Almaty,mass
215,58,Male,Astana,premium
216,69,Male,Almaty,mass
217,66,Male,Almaty,mass
218,66,Male,Almaty,mass
219,69,Male,Almaty,mass
220,29,Male,Astana,premium
221,56,Male,Almaty,mass
222,19,Female,Almaty,mass
223,20,Female,Astana,mass
224,66,Male,Astana,mass
225,54,Female,Shymkent,mass
226,66,Female,Astana,premium
227,34,Male,Astana,mass
228,66,Male,Shymkent,mass
229,19,Male,Astana,mass
230,19,Female,Astana,mass
231,45,Female,Astana,mass
232,40,Male,Astana,mass
233,54,Male,Shymkent,premium
234,49,Male,Astana,mass
235,50,Female,Astana,mass
236,18,Female,Shymkent,mass
237,36,Female,Almaty,premium
238,19,Female,Shymkent,mass
239,61,Male,Almaty,mass
240,43,Male,Shymkent,mass
241,49,Male,Shymkent,mass
242,23,Male,Astana,mass
243,49,Female,Almaty,mass
244,21,Female,Astana,mass
245,28,Male,Almaty,mass
246,34,Male,Shymkent,premium
247,55,Female,Shymkent,premium
248,41,Male,Almaty,mass
249,22,Female,Astana,mass
250,69,Male,Astana,mass
251,51,Male,Astana,mass
252,23,Male,Astana,mass
253,39,Male,Shymkent,mass
254,28,Male,Shymkent,mass
255,65,Male,Shymkent,premium
256,33,Male,Shymkent,mass
257,50,Female,Shymkent,mass
258,26,Female,Astana,mass
259,23,Female,Astana,mass
260,33,Female,Astana,mass
261,46,Female,Astana,mass
262,20,Male,Shymkent,mass
263,37,Male,Shymkent,mass
264,53,Female,Shymkent,mass
265,36,Male,Almaty,mass
266,43,Female,Astana,premium
267,20,Female,Astana,premium
268,36,Male,Shymkent,premium
269,37,Male,Astana,mass
270,49,Male,Astana,mass
271,24,Female,Shymkent,premium
272,69,Male,Almaty,mass
273,58,Female,Almaty,mass
274,50,Female,Almaty,mass
275,57,Female,Shymkent,mass
276,56,Male,Astana,premium
277,35,Male,Shymkent,mass
278,57,Female,Shymkent,mass
279,18,Male,Astana,mass
280,28,Male,Almaty,mass
281,45,Male,Almaty,premium
282,42,Female,Shymkent,mass
283,67,Female,Almaty,mass
284,40,Male,Shymkent,premium
285,48,Female,Shymkent,mass
286,47,Male,Astana,mass
287,59,Male,Astana,mass
288,52,Male,Astana,mass
289,24,Male,Shymkent,mass
290,33,Female,Astana,mass
291,43,Female,Almaty,mass
292,65,Female,Almaty,mass
293,69,Male,Shymkent,premium
294,66,Male,Shymkent,mass
295,19,Male,Astana,mass
296,18,Female,Shymkent,mass
297,65,Male,Shymkent,mass
298,29,Female,Almaty,mass
299,22,Female,Almaty,premium
300,54,Female,Astana,premium
301,49,Female,Shymkent,mass
302,26,Female,Shymkent,premium
303,58,Female,Almaty,mass
304,52,Male,Shymkent,mass
305,36,Male,Almaty,mass
306,65,Female,Astana,premium
307,33,Female,Almaty,mass
308,20,Male,Shymkent,mass
309,37,Female,Astana,mass
310,41,Female,Almaty,mass
311,50,Male,Almaty,mass
312,41,Female,Astana,premium
313,69,Female,Astana,premium
314,28,Female,Almaty,mass
315,66,Male,Shymkent,premium
316,25,Male,Almaty,mass
317,53,Male,Astana,premium
318,55,Female,Almaty,mass
319,57,Female,Astana,mass
320,37,Male,Astana,mass
321,52,Female,Shymkent,premium
322,65,Female,Astana,mass
323,42,Female,Astana,mass
324,52,Female,Shymkent,mass
325,42,Female,Astana,mass
326,46,Male,Shymkent,mass
327,35,Female,Shymkent,mass
328,63,Male,Astana,premium
329,35,Female,Astana,mass
330,19,Male,Almaty,mass
331,52,Female,Shymkent,mass
332,33,Male,Almaty,premium
333,58,Female,Astana,premium
334,53,Male,Almaty,mass
335,50,Female,Shymkent,mass
336,21,Male,Almaty,mass
337,50,Female,Shymkent,mass
338,31,Male,Astana,premium
339,38,Male,Astana,mass
340,65,Female,Shymkent,mass
341,37,Female,Astana,mass
342,25,Male,Astana,premium
343,24,Female,Astana,mass
344,20,Male,Astana,mass
345,34,Male,Shymkent,mass
346,50,Male,Almaty,premium
347,65,Female,Almaty,mass
348,29,Male,Astana,mass
349,68,Male,Almaty,mass
350,39,Female,Almaty,mass
351,39,Female,Astana,mass
352,63,Female,Astana,mass
353,47,Female,Almaty,mass
354,55,Male,Shymkent,mass
355,55,Male,Astana,mass
356,62,Male,Shymkent,premium
357,68,Male,Almaty,mass
358,25,Female,Astana,premium
359,44,Male,Shymkent,mass
360,44,Male,Astana,mass
361,51,Female,Almaty,mass
362,38,Male,Shymkent,mass
363,47,Male,Almaty,mass
364,50,Male,Almaty,mass
365,45,Male,Astana,mass
366,64,Male,Shymkent,premium
367,50,Male,Almaty,mass
368,22,Female,Almaty,premium
369,65,Female,Shymkent,mass
370,36,Male,Almaty,mass
371,21,Male,Almaty,mass
372,52,Female,Shymkent,mass
373,66,Male,Shymkent,mass
374,34,Male,Shymkent,mass
375,61,Male,Shymkent,mass
376,45,Female,Astana,mass
377,47,Male,Shymkent,mass
378,46,Female,Astana,premium
379,63,Male,Astana,premium
380,23,Female,Astana,mass
381,52,Female,Almaty,mass
382,58,Male,Astana,mass
383,54,Female,Astana,mass
384,41,Male,Almaty,premium
385,46,Female,Almaty,mass
386,66,Male,Almaty,mass
387,63,Male,Shymkent,mass
388,48,Female,Almaty,mass
389,52,Male,Almaty,mass
390,50,Male,Astana,premium
391,69,Female,Almaty,mass
392,38,Male,Shymkent,mass
393,49,Male,Almaty,premium
394,40,Female,Shymkent,mass
395,50,Female,Almaty,mass
396,20,Male,Almaty,mass
397,35,Male,Almaty,mass
398,42,Female,Almaty,premium
399,59,Female,Shymkent,mass
400,48,Male,Shymkent,premium
401,20,Female,Astana,mass
402,57,Male,Shymkent,premium
403,63,Male,Almaty,mass
404,41,Male,Astana,premium
405,67,Male,Astana,mass
406,49,Male,Astana,premium
407,64,Female,Almaty,mass
408,39,Female,Shymkent,mass
409,40,Female,Almaty,premium
410,19,Female,Astana,mass
411,44,Male,Almaty,premium
412,59,Male,Almaty,mass
413,19,Male,Shymkent,mass
414,43,Male,Shymkent,mass
415,34,Female,Astana,mass
416,57,Male,Almaty,mass
417,50,Male,Almaty,mass
418,26,Female,Shymkent,mass
419,60,Female,Almaty,mass
420,65,Female,Almaty,mass
421,56,Female,Almaty,mass
422,46,Male,Shymkent,mass
423,59,Male,Astana,mass
424,43,Female,Astana,mass
425,52,Male,Almaty,premium
426,67,Male,Astana,premium
427,42,Male,Shymkent,mass
428,41,Female,Shymkent,mass
429,30,Male,Astana,premium
430,24,Female,Astana,mass
431,53,Male,Almaty,mass
432,62,Male,Astana,mass
433,37,Male,Almaty,mass
434,18,Female,Almaty,mass
435,25,Male,Shymkent,mass
436,63,Female,Shymkent,premium
437,33,Female,Shymkent,premium
438,31,Female,Shymkent,mass
439,29,Male,Astana,mass
440,68,Male,Shymkent,premium
441,40,Male,Astana,mass
442,32,Male,Shymkent,mass
443,45,Female,Astana,mass
444,51,Female,Almaty,premium
445,19,Female,Astana,mass
446,49,Male,Astana,premium
447,40,Female,Shymkent,premium
448,39,Male,Astana,mass
449,68,Female,Almaty,mass
450,42,Male,Almaty,mass
451,39,Male,Shymkent,mass
452,39,Female,Almaty,mass
453,66,Female,Astana,mass
454,69,Female,Almaty,mass
455,59,Female,Shymkent,premium
456,23,Male,Astana,mass
457,32,Female,Shymkent,mass
458,60,Female,Astana,mass
459,54,Female,Almaty,mass
460,50,Male,Shymkent,mass
461,25,Male,Shymkent,mass
462,61,Female,Astana,mass
463,61,Male,Shymkent,mass
464,22,Female,Astana,mass
465,56,Male,Astana,mass
466,21,Male,Astana,mass
467,23,Male,Astana,premium
468,62,Male,Almaty,mass
469,49,Female,Astana,mass
470,69,Female,Shymkent,mass
471,47,Female,Almaty,mass
472,64,Male,Shymkent,mass
473,52,Female,Almaty,mass
474,57,Female,Astana,mass
475,69,Female,Almaty,mass
476,33,Male,Almaty,mass
477,30,Male,Shymkent,mass
478,67,Male,Shymkent,mass
479,59,Female,Astana,premium
480,47,Female,Almaty,mass
481,36,Female,Almaty,mass
482,34,Male,Almaty,mass
483,36,Male,Astana,mass
484,45,Female,Astana,mass
485,43,Male,Astana,mass
486,54,Male,Astana,mass
487,43,Male,Astana,mass
488,40,Male,Shymkent,mass
489,26,Female,Almaty,mass
490,29,Male,Almaty,mass
491,18,Male,Almaty,mass
492,18,Male,Almaty,mass
493,64,Male,Almaty,premium
494,51,Female,Almaty,mass
495,49,Female,Almaty,mass
496,65,Male,Almaty,mass
497,42,Male,Shymkent,premium
498,57,Male,Almaty,mass
499,62,Male,Shymkent,mass
500,18,Male,Astana,mass
501,33,Male,Almaty,mass
502,56,Female,Astana,mass
503,22,Male,Astana,mass
504,39,Female,Astana,premium
505,46,Female,Shymkent,mass
506,20,Male,Astana,mass
507,29,Female,Astana,premium
508,43,Female,Astana,mass
509,33,Female,Almaty,mass
510,68,Female,Almaty,mass
511,54,Female,Shymkent,mass
512,39,Female,Shymkent,mass
513,46,Male,Almaty,premium
514,31,Female,Shymkent,mass
515,45,Female,Almaty,mass
516,22,Female,Astana,mass
517,64,Male,Astana,premium
518,66,Female,Shymkent,premium
519,47,Male,Almaty,premium
520,63,Female,Almaty,mass
521,69,Male,Shymkent,mass
522,22,Male,Almaty,mass
523,29,Female,Astana,mass
524,33,Female,Shymkent,mass
525,43,Male,Shymkent,mass
526,43,Female,Almaty,mass
527,65,Male,Shymkent,mass
528,38,Male,Almaty,mass
529,56,Male,Almaty,mass
530,53,Male,Almaty,mass
531,50,Male,Almaty,mass
532,47,Female,Almaty,mass
533,54,Male,Shymkent,mass
534,40,Male,Astana,mass
535,27,Female,Astana,mass
536,22,Male,Shymkent,mass
537,53,Female,Shymkent,premium
538,51,Female,Astana,mass
539,69,Female,Astana,mass
540,48,Male,Astana,mass
541,27,Male,Astana,mass
542,36,Male,Astana,mass
543,49,Female,Almaty,mass
544,18,Male,Shymkent,premium
545,22,Female,Almaty,mass
546,62,Male,Astana,premium
547,21,Female,Astana,mass
548,33,Male,Astana,mass
549,41,Male,Almaty,premium
550,33,Male,Almaty,mass
551,19,Female,Astana,mass
552,66,Female,Almaty,mass
553,45,Male,Almaty,mass
554,49,Male,Astana,mass
555,44,Female,Almaty,mass
556,37,Female,Shymkent,mass
557,41,Female,Shymkent,mass
558,29,Male,Shymkent,mass
559,67,Female,Shymkent,mass
560,52,Male,Astana,mass
561,50,Female,Astana,mass
562,50,Male,Astana,mass
563,68,Female,Shymkent,mass
564,60,Female,Shymkent,premium
565,54,Female,Almaty,mass
566,29,Female,Almaty,mass
567,20,Female,Shymkent,mass
568,18,Male,Shymkent,mass
569,50,Female,Shymkent,mass
570,57,Female,Shymkent,mass
571,27,Female,Almaty,mass
572,60,Male,Shymkent,mass
573,61,Female,Almaty,premium
574,46,Male,Shymkent,premium
575,30,Female,Shymkent,premium
576,29,Female,Shymkent,mass
577,48,Male,Almaty,mass
578,63,Female,Almaty,mass
579,19,Male,Astana,mass
580,68,Male,Shymkent,mass
581,67,Female,Astana,mass
582,52,Male,Astana,mass
583,40,Female,Almaty,mass
584,34,Female,Almaty,mass
585,43,Male,Astana,mass
586,25,Male,Shymkent,mass
587,46,Male,Almaty,premium
588,43,Male,Shymkent,mass
589,27,Female,Shymkent,mass
590,43,Female,Astana,mass
591,51,Male,Astana,mass
592,68,Female,Astana,mass
593,58,Female,Astana,mass
594,24,Female,Almaty,mass
595,21,Female,Almaty,mass
596,67,Male,Astana,mass
597,62,Male,Almaty,mass
598,28,Female,Astana,mass
599,46,Male,Shymkent,mass
600,53,Male,Shymkent,mass
601,42,Male,Shymkent,premium
602,38,Female,Astana,mass
603,53,Female,Shymkent,mass
604,27,Female,Almaty,mass
605,54,Male,Shymkent,mass
606,26,Female,Shymkent,mass
607,41,Female,Shymkent,mass
608,52,Male,Almaty,premium
609,66,Female,Astana,mass
610,52,Female,Almaty,mass
611,65,Male,Astana,mass
612,53,Male,Astana,mass
613,35,Male,Shymkent,mass
614,66,Female,Astana,mass
615,56,Female,Almaty,mass
616,49,Female,Almaty,mass
617,41,Male,Astana,mass
618,40,Male,Shymkent,premium
619,49,Female,Shymkent,mass
620,54,Female,Almaty,premium
621,29,Male,Shymkent,mass
622,66,Male,Astana,premium
623,30,Male,Astana,mass
624,40,Male,Almaty,premium
625,42,Female,Astana,premium
626,52,Male,Almaty,mass
627,58,Female,Astana,premium
628,47,Female,Almaty,mass
629,34,Female,Shymkent,mass
630,66,Male,Astana,mass
631,37,Male,Astana,mass
632,65,Male,Almaty,mass
633,42,Male,Almaty,mass
634,39,Female,Astana,mass
635,30,Male,Almaty,mass
636,36,Male,Astana,premium
637,66,Female,Shymkent,mass
638,53,Male,Almaty,mass
639,29,Female,Astana,mass
640,58,Female,Shymkent,mass
641,36,Female,Shymkent,mass
642,29,Female,Astana,mass
643,26,Female,Almaty,mass
644,24,Female,Astana,premium
645,45,Female,Shymkent,mass
646,31,Female,Astana,mass
647,48,Male,Almaty,mass
648,69,Male,Shymkent,mass
649,36,Male,Astana,mass
650,64,Male,Almaty,mass
651,33,Female,Shymkent,mass
652,22,Male,Almaty,mass
653,52,Female,Shymkent,premium
654,29,Male,Astana,premium
655,42,Male,Almaty,mass
656,69,Male,Shymkent,mass
657,38,Female,Almaty,mass
658,53,Male,Almaty,mass
659,40,Female,Astana,mass
660,33,Female,Almaty,mass
661,56,Male,Shymkent,mass
662,62,Male,Shymkent,mass
663,59,Male,Shymkent,mass
664,56,Female,Shymkent,premium
665,31,Male,Astana,premium
666,48,Female,Almaty,mass
667,22,Female,Astana,mass
668,52,Male,Almaty,premium
669,40,Male,Almaty,mass
670,46,Female,Almaty,mass
671,60,Female,Astana,mass
672,28,Female,Almaty,mass
673,35,Male,Astana,mass
674,64,Female,Shymkent,premium
675,29,Male,Shymkent,premium
676,26,Female,Almaty,mass
677,27,Female,Astana,mass
678,61,Male,Shymkent,premium
679,34,Female,Astana,mass
680,55,Male,Astana,premium
681,24,Male,Almaty,mass
682,63,Female,Shymkent,mass
683,30,Male,Almaty,mass
684,57,Male,Almaty,mass
685,59,Female,Shymkent,mass
686,26,Male,Shymkent,mass
687,67,Male,Astana,mass
688,44,Male,Shymkent,mass
689,19,Female,Astana,mass
690,22,Male,Astana,premium
691,46,Female,Astana,premium
692,54,Female,Shymkent,mass
693,55,Male,Almaty,premium
694,36,Male,Astana,mass
695,25,Male,Almaty,mass
696,65,Female,Almaty,premium
697,62,Male,Shymkent,mass
698,18,Male,Almaty,mass
699,39,Male,Almaty,premium
700,69,Male,Shymkent,mass
701,34,Male,Astana,premium
702,24,Female,Almaty,premium
703,42,Female,Shymkent,mass
704,62,Male,Almaty,premium
705,21,Male,Almaty,mass
706,53,Male,Astana,mass
707,23,Male,Almaty,mass
708,48,Female,Shymkent,premium
709,36,Male,Almaty,mass
710,61,Female,Astana,mass
711,56,Female,Astana,mass
712,44,Male,Shymkent,mass
713,27,Female,Astana,mass
714,43,Female,Almaty,mass
715,36,Female,Astana,mass
716,56,Female,Shymkent,mass
717,20,Male,Astana,premium
718,62,Male,Astana,mass
719,30,Female,Astana,mass
720,67,Male,Shymkent,premium
721,45,Male,Astana,mass
722,37,Male,Astana,premium
723,45,Male,Almaty,mass
724,25,Male,Shymkent,premium
725,58,Female,Astana,mass
726,56,Male,Shymkent,mass
727,18,Male,Astana,mass
728,20,Male,Astana,premium
729,30,Male,Astana,mass
730,45,Female,Almaty,mass
731,66,Female,Almaty,mass
732,42,Female,Almaty,mass
733,50,Female,Shymkent,mass
734,55,Male,Shymkent,mass
735,23,Female,Almaty,premium
736,61,Male,Shymkent,mass
737,62,Male,Astana,mass
738,49,Male,Astana,mass
739,62,Male,Astana,mass
740,64,Male,Almaty,mass
741,38,Female,Shymkent,mass
742,33,Female,Almaty,mass
743,38,Female,Shymkent,mass
744,28,Female,Astana,mass
745,54,Male,Almaty,premium
746,53,Female,Shymkent,premium
747,52,Male,Shymkent,mass
748,36,Female,Astana,premium
749,37,Male,Almaty,mass
750,35,Male,Almaty,mass
751,64,Female,Almaty,mass
752,58,Male,Astana,mass
753,66,Male,Almaty,mass
754,31,Female,Astana,mass
755,32,Male,Astana,mass
756,48,Female,Astana,mass
757,18,Female,Shymkent,mass
758,20,Female,Almaty,mass
759,33,Male,Almaty,mass
760,40,Male,Astana,mass
761,28,Male,Astana,premium
762,29,Female,Almaty,premium
763,27,Male,Astana,mass
764,49,Female,Almaty,premium
765,33,Female,Shymkent,mass
766,25,Male,Astana,mass
767,55,Female,Almaty,mass
768,29,Male,Astana,mass
769,41,Male,Almaty,premium
770,45,Male,Almaty,mass
771,25,Male,Astana,mass
772,45,Male,Shymkent,mass
773,53,Female,Almaty,mass
774,43,Female,Almaty,premium
775,25,Female,Almaty,mass
776,67,Male,Shymkent,mass
777,45,Male,Shymkent,mass
778,45,Male,Astana,mass
779,54,Female,Shymkent,mass
780,58,Male,Astana,mass
781,53,Female,Astana,mass
782,44,Female,Shymkent,mass
783,34,Male,Astana,premium
784,26,Male,Shymkent,premium
785,50,Female,Astana,mass
786,37,Male,Shymkent,mass
787,30,Female,Shymkent,mass
788,45,Male,Astana,mass
789,65,Male,Almaty,mass
790,46,Female,Astana,mass
791,30,Male,Shymkent,mass
792,63,Female,Almaty,mass
793,52,Male,Astana,mass
794,23,Female,Astana,mass
795,35,Female,Astana,mass
796,68,Male,Almaty,mass
797,22,Female,Shymkent,mass
798,64,Male,Astana,mass
799,42,Male,Astana,mass
800,19,Male,Astana,mass
801,27,Female,Astana,mass
802,47,Female,Astana,mass
803,67,Male,Shymkent,premium
804,62,Male,Shymkent,mass
805,22,Female,Astana,mass
806,50,Male,Almaty,mass
807,18,Male,Shymkent,mass
808,35,Female,Almaty,mass
809,49,Male,Shymkent,mass
810,64,Female,Astana,mass
811,66,Male,Shymkent,premium
812,28,Female,Astana,mass
813,38,Male,Shymkent,mass
814,43,Male,Astana,premium
815,42,Female,Astana,mass
816,39,Male,Astana,premium
817,44,Female,Astana,mass
818,66,Male,Almaty,premium
819,30,Female,Astana,mass
820,50,Female,Almaty,mass
821,51,Female,Almaty,mass
822,58,Female,Astana,mass
823,52,Male,Almaty,mass
824,18,Male,Shymkent,mass
825,38,Female,Astana,mass
826,65,Female,Almaty,mass
827,23,Female,Astana,mass
828,45,Male,Astana,mass
829,34,Male,Astana,premium
830,22,Male,Almaty,mass
831,48,Male,Shymkent,premium
832,22,Female,Shymkent,mass
833,55,Female,Almaty,mass
834,20,Female,Astana,mass
835,40,Male,Almaty,mass
836,54,Male,Almaty,mass
837,54,Male,Almaty,mass
838,27,Female,Astana,mass
839,27,Female,Almaty,premium
840,36,Male,Astana,mass
841,34,Female,Almaty,mass
842,38,Male,Shymkent,mass
843,31,Male,Almaty,mass
844,26,Female,Almaty,mass
845,63,Male,Shymkent,mass
846,18,Female,Astana,mass
847,68,Male,Astana,mass
848,62,Female,Almaty,mass
849,30,Female,Shymkent,premium
850,21,Female,Astana,premium
851,18,Male,Almaty,mass
852,66,Male,Shymkent,mass
853,57,Female,Astana,mass
854,49,Female,Astana,premium
855,51,Male,Shymkent,mass
856,45,Male,Shymkent,mass
857,48,Male,Shymkent,mass
858,25,Female,Shymkent,mass
859,56,Male,Almaty,mass
860,43,Male,Shymkent,mass
861,51,Female,Astana,mass
862,20,Male,Astana,mass
863,67,Male,Almaty,mass
864,29,Male,Astana,mass
865,18,Female,Astana,mass
866,61,Female,Shymkent,mass
867,22,Female,Astana,premium
868,47,Female,Almaty,mass
869,47,Female,Shymkent,mass
870,34,Female,Shymkent,mass
871,65,Female,Almaty,mass
872,64,Male,Shymkent,mass
873,40,Male,Shymkent,mass
874,32,Female,Almaty,premium
875,54,Male,Shymkent,mass
876,38,Male,Almaty,mass
877,31,Female,Almaty,mass
878,19,Male,Astana,mass
879,28,Male,Astana,mass
880,68,Male,Shymkent,mass
881,56,Male,Shymkent,mass
882,55,Male,Almaty,mass
883,51,Female,Shymkent,mass
884,55,Female,Almaty,mass
885,67,Female,Almaty,mass
886,51,Male,Shymkent,mass
887,35,Female,Almaty,premium
888,47,Male,Astana,mass
889,32,Male,Shymkent,mass
890,44,Male,Astana,mass
891,68,Male,Shymkent,mass
892,51,Female,Almaty,mass
893,69,Female,Shymkent,mass
894,55,Male,Astana,premium
895,50,Female,Almaty,mass
896,41,Male,Shymkent,mass
897,32,Female,Shymkent,mass
898,47,Female,Shymkent,premium
899,59,Male,Astana,mass
900,68,Female,Astana,mass
901,34,Male,Shymkent,mass
902,22,Female,Almaty,mass
903,46,Male,Almaty,mass
904,21,Male,Astana,mass
905,27,Female,Almaty,mass
906,34,Female,Astana,mass
907,27,Male,Shymkent,mass
908,34,Female,Astana,mass
909,37,Female,Astana,mass
910,41,Male,Shymkent,premium
911,22,Male,Almaty,premium
912,51,Female,Astana,mass
913,23,Male,Astana,premium
914,19,Male,Shymkent,mass
915,30,Male,Almaty,mass
916,60,Female,Astana,mass
917,60,Female,Shymkent,mass
918,65,Male,Astana,mass
919,28,Female,Shymkent,mass
920,68,Male,Almaty,mass
921,64,Female,Almaty,mass
922,40,Male,Almaty,mass
923,33,Male,Almaty,mass
924,48,Female,Astana,mass
925,28,Male,Astana,mass
926,33,Female,Almaty,premium
927,25,Female,Almaty,premium
928,21,Male,Almaty,mass
929,57,Male,Astana,premium
930,21,Female,Almaty,mass
931,42,Male,Almaty,premium
932,20,Male,Almaty,mass
933,49,Male,Shymkent,mass
934,20,Male,Almaty,mass
935,44,Male,Shymkent,mass
936,46,Female,Shymkent,mass
937,49,Female,Almaty,mass
938,67,Male,Shymkent,mass
939,68,Male,Almaty,mass
940,36,Male,Astana,mass
941,38,Female,Astana,premium
942,22,Male,Astana,mass
943,35,Female,Astana,mass
944,45,Female,Shymkent,mass
945,59,Female,Almaty,mass
946,39,Male,Almaty,mass
947,38,Female,Almaty,premium
948,23,Male,Astana,mass
949,18,Female,Astana,mass
950,22,Male,Almaty,premium
951,58,Female,Astana,mass
952,29,Male,Almaty,mass
953,43,Female,Almaty,mass
954,63,Male,Almaty,mass
955,51,Male,Almaty,mass
956,66,Male,Almaty,mass
957,31,Male,Almaty,mass
958,43,Female,Almaty,premium
959,62,Female,Astana,mass
960,44,Male,Almaty,mass
961,26,Female,Almaty,mass
962,43,Male,Astana,mass
963,64,Male,Astana,mass
964,39,Female,Astana,mass
965,64,Male,Almaty,premium
966,47,Male,Shymkent,mass
967,60,Female,Shymkent,mass
968,65,Male,Astana,mass
969,34,Male,Shymkent,mass
970,43,Male,Astana,mass
971,53,Male,Almaty,mass
972,18,Female,Shymkent,mass
973,25,Female,Almaty,mass
974,66,Female,Shymkent,premium
975,52,Male,Almaty,premium
976,69,Male,Shymkent,mass
977,32,Female,Almaty,premium
978,64,Male,Almaty,mass
979,39,Male,Shymkent,premium
980,31,Male,Almaty,mass
981,43,Male,Almaty,premium
982,45,Female,Almaty,premium
983,40,Female,Shymkent,mass
984,31,Female,Shymkent,premium
985,41,Male,Almaty,mass
986,19,Female,Almaty,mass
987,62,Female,Shymkent,mass
988,43,Male,Shymkent,mass
989,31,Male,Almaty,mass
990,68,Female,Almaty,mass
991,24,Female,Almaty,premium
992,20,Female,Astana,mass
993,64,Female,Shymkent,mass
994,40,Male,Astana,premium
995,63,Female,Shymkent,premium
996,60,Female,Shymkent,premium
997,64,Male,Shymkent,mass
998,62,Female,Shymkent,premium
999,35,Male,Shymkent,mass
1000,55,Male,Shymkent,mass
